age_category_youth,n,n_se
15-19,86628.980986,546.5801305188461
20-24,196143.486171,1233.8963827037653
25 and above,247590.319312,1395.47713400113
