age_category,n,n_se
18-39,818206.6762890001,4028.20894298963
40-64,631279.779907,2769.825574404595
65 plus,178316.879431,1009.08638004658
